<?xml version="1.0" encoding="utf-8"?>
<browserconfig>
    <msapplication>
        <tile>
            <square70x70logo src="/assets/img/favicons/ms-windows-tile-icon-70x70.png"/>
            <square150x150logo src="/assets/img/favicons/ms-windows-tile-icon-150x151.png"/>
            <wide310x150logo src="/assets/img/favicons/ms-windows-tile-icon-310x150.png"/>
            <square310x310logo src="/assets/img/favicons/ms-windows-tile-icon-310x310.png"/>
            <TileColor>#65b32e</TileColor>
        </tile>
    </msapplication>
</browserconfig>