<?xml version="1.0" encoding="utf-8"?>
<browserconfig>
    <msapplication>
        <tile>
            <square70x70logo src="https://www.gastromio.de/assets/resources/ms-windows-tile-icon-70.png"/>
            <square150x150logo src="https://www.gastromio.de/assets/resources/ms-windows-tile-icon-150.png"/>
            <wide310x150logo src="https://www.gastromio.de/assets/resources/ms-windows-tile-icon-310-150.png"/>
            <square310x310logo src="https://www.gastromio.de/assets/resources/ms-windows-tile-icon-310.png"/>
            <TileColor>#65b32e</TileColor>
        </tile>
    </msapplication>
</browserconfig>